id,slug,title,summary,section_slug,section,tags,status,url
1,curbless-showers,Curbless showers: lowering the floor or raising the room,"The two ways to build a shower with no lip to step over, and how water is kept where it belongs.",bathrooms,Bathrooms,"curbless,walk-in,roll-in,zero-entry,shower,slope,drain,wet room",published,/library/bathrooms/curbless-showers
2,grab-bars,"Where grab bars go, and what holds them up","Heights, placement by the toilet and shower, and why the wall behind matters more than the bar.",bathrooms,Bathrooms,"grab bar,rail,support,blocking,anchors,towel bar,shower,toilet",published,/library/bathrooms/grab-bars
3,comfort-height-toilets,Comfort-height toilets and bidet seats,"Taller seats that are easier to stand up from, and bidet seats that cut down on reaching and twisting.",bathrooms,Bathrooms,"toilet,comfort height,chair height,bidet,seat",published,/library/bathrooms/comfort-height-toilets
4,sit-down-vanities,Vanities you can sit at,"Knee space, sink depth and covered pipes, so a vanity works from a stool or wheelchair.",bathrooms,Bathrooms,"vanity,sink,knee space,wheelchair,roll-under,pipes",published,/library/bathrooms/sit-down-vanities
5,linear-drains,"Linear drains, explained","Why a long, narrow drain makes a curbless shower simpler to build and safer to use.",bathrooms,Bathrooms,"drain,linear drain,trench drain,curbless,shower,slope",published,/library/bathrooms/linear-drains
6,shower-benches,Shower benches that don't look medical,"Built-in and fold-down benches in teak and stone, and how high to set them.",bathrooms,Bathrooms,"bench,seat,shower chair,teak,fold-down",published,/library/bathrooms/shower-benches
7,zero-step-entries,Zero-step entries without a ramp,"Grading the path up to the door so there's no step at all, and when that's possible.",entries-stairs,Entries and stairs,"entry,threshold,step,front door,no-step,zero-step,porch",published,/library/entries-stairs/zero-step-entries
8,ramps,"Ramps: slopes, rails and surfaces","How long a ramp needs to be, what to build it from, and the rails that make it safe.",entries-stairs,Entries and stairs,"ramp,slope,wheelchair,walker,handrail,porch",published,/library/entries-stairs/ramps
9,stairlifts,Straight and curved stairlifts compared,"Costs, installation time and the questions to ask before choosing a stairlift.",entries-stairs,Entries and stairs,"stairlift,stair chair,chair lift,stairs,lift",published,/library/entries-stairs/stairlifts
10,home-elevators,Home elevators and platform lifts,"Through-the-floor elevators and vertical platform lifts, and what each needs from the house.",entries-stairs,Entries and stairs,"elevator,lift,platform lift,wheelchair,stairs",published,/library/entries-stairs/home-elevators
11,handrails,Handrails on both sides of every stair,"Grip size, height and why a second rail matters on every flight.",entries-stairs,Entries and stairs,"handrail,banister,railing,stairs,steps",published,/library/entries-stairs/handrails
12,safer-cooking,Induction cooktops and auto shut-off,Cooking with less risk of burns and forgotten burners.,kitchens-bedrooms,Kitchens and bedrooms,"stove,cooktop,induction,oven,auto shut-off,burn,fire,memory",published,/library/kitchens-bedrooms/safer-cooking
13,reachable-kitchen,"Wall ovens, drawer dishwashers, pull-down shelves","Bringing the kitchen within reach, without bending low or reaching high.",kitchens-bedrooms,Kitchens and bedrooms,"kitchen,oven,dishwasher,shelves,cabinets,reach",published,/library/kitchens-bedrooms/reachable-kitchen
14,main-floor-bedroom,A bedroom on the main floor,Converting a den or adding a suite so daily life doesn't depend on the stairs.,kitchens-bedrooms,Kitchens and bedrooms,"bedroom,main floor,first floor,suite,stairs,addition",published,/library/kitchens-bedrooms/main-floor-bedroom
15,night-paths,Clear paths and night lighting,"Lighting the route from bed to bathroom, and clearing it of trip hazards.",kitchens-bedrooms,Kitchens and bedrooms,"night light,lighting,motion sensor,path,hallway,trip,bathroom",published,/library/kitchens-bedrooms/night-paths
16,ceiling-lift-planning,Planning for a ceiling lift later,Adding ceiling support now so a lift can go in easily if it's ever needed.,kitchens-bedrooms,Kitchens and bedrooms,"ceiling lift,patient lift,hoyer,caregiver,transfer",published,/library/kitchens-bedrooms/ceiling-lift-planning
17,dcof-tile,Slip resistance: reading a tile's DCOF rating,"What the number on the product sheet means, and the minimum to look for in wet areas.",materials-lighting,Materials and lighting,"tile,slip,slippery,DCOF,floor,grip,wet,shower",published,/library/materials-lighting/dcof-tile
18,flooring,Flooring that's kind to walkers and wheels,"Vinyl, tile, wood and low carpet compared for grip, comfort and smooth rolling.",materials-lighting,Materials and lighting,"floor,flooring,vinyl,LVP,carpet,wood,wheelchair,walker",published,/library/materials-lighting/flooring
19,more-light,Why older eyes need more light,"How eyes change with age, and how much brighter rooms should be as a result.",materials-lighting,Materials and lighting,"lighting,light,vision,eyes,brightness,lamps",published,/library/materials-lighting/more-light
20,glare-contrast,"Glare, contrast and color temperature","Matte finishes, contrasting edges and warm bulbs that make a home easier to see in.",materials-lighting,Materials and lighting,"glare,contrast,color temperature,bulbs,vision,low vision",published,/library/materials-lighting/glare-contrast
21,easy-hardware,"Lever handles, D-pulls and touch latches",Hardware that works for stiff or painful hands.,materials-lighting,Materials and lighting,"handles,knobs,lever,pulls,hardware,arthritis,hands",published,/library/materials-lighting/easy-hardware
22,typical-costs,What aging-in-place projects typically cost,"Price ranges for common projects, and what pushes a job up or down.",costs-financing,Costs and financing,"cost,price,budget,how much,quote,estimate",published,/library/costs-financing/typical-costs
23,medicare-advantage,Medicare Advantage and in-home benefits,"Which plans may help with safety items, and what they usually require first.",costs-financing,Costs and financing,"Medicare,Medicare Advantage,insurance,benefits,pay,coverage",published,/library/costs-financing/medicare-advantage
24,medicaid-waivers,Medicaid waiver home modification programs,State programs that can pay for changes so someone can stay at home.,costs-financing,Costs and financing,"Medicaid,waiver,HCBS,state program,grant,pay",published,/library/costs-financing/medicaid-waivers
25,va-grants,VA housing grants for veterans,"The VA programs that help veterans adapt a home, and who qualifies.",costs-financing,Costs and financing,"VA,veteran,grant,SAH,SHA,HISA,pay",published,/library/costs-financing/va-grants
26,medical-deduction,Deducting changes as a medical expense,When home changes can count as a medical deduction on taxes.,costs-financing,Costs and financing,"tax,deduction,IRS,medical expense,pay",published,/library/costs-financing/medical-deduction
27,equity-insurance,"Home equity, reverse mortgages and care insurance","Ways families use the home itself, or a long-term care policy, to pay for changes.",costs-financing,Costs and financing,"HELOC,reverse mortgage,equity,long-term care insurance,loan,pay",published,/library/costs-financing/equity-insurance
28,ada-and-homes,"Why the ADA doesn't cover your home, and why we use it anyway","What the ADA requires, who it applies to, and why its measurements still help.",codes-permits,"Codes, permits and HOAs","ADA,law,standards,code,accessibility",published,/library/codes-permits/ada-and-homes
29,permits,Which projects need a permit,"The kinds of changes that usually need one, and who should pull it.",codes-permits,"Codes, permits and HOAs","permit,inspection,code,city,county",published,/library/codes-permits/permits
30,hoa-rights,Your rights when an HOA says no,"How fair housing law protects reasonable changes, and how to ask.",codes-permits,"Codes, permits and HOAs","HOA,homeowners association,fair housing,rights,approval",published,/library/codes-permits/hoa-rights
31,contractor-questions,Questions to ask any contractor,What a careful contractor should be able to answer before you sign.,codes-permits,"Codes, permits and HOAs","contractor,questions,quote,estimate,hire,checklist",published,/library/codes-permits/contractor-questions
32,raising-it,Raising it with a parent who says they're fine,Ways to start the conversation without making it about decline.,family,Talking it through,"parent,mom,dad,conversation,talk,resistance,denial",published,/library/family/raising-it
33,siblings,Getting siblings on the same page,"Sharing decisions, costs and work among brothers and sisters.",family,Talking it through,"siblings,brother,sister,family,disagreement,costs",published,/library/family/siblings
34,upgrades-not-decline,"Talking about upgrades, not decline",Framing changes as improvements a parent would choose anyway.,family,Talking it through,"conversation,dignity,language,parent,upgrade",published,/library/family/upgrades-not-decline
35,when-home-isnt-safe,When staying home is no longer safe,"Signs that the home can't meet someone's needs, even with changes.",family,Talking it through,"safety,assisted living,memory care,wandering,caregiver,decision",published,/library/family/when-home-isnt-safe
36,home-vs-assisted-living,Staying home versus assisted living: the real costs,Comparing the cost of adapting a home with monthly care costs over time.,family,Talking it through,"assisted living,cost,nursing home,memory care,compare,decision",published,/library/family/home-vs-assisted-living
37,buyer-features,Which features buyers of every age want,"Changes that tend to appeal to buyers, not only older ones.",home-value,Home value,"resale,home value,buyers,curbless,universal design",published,/library/home-value/buyer-features
38,resale-risks,Changes that can hurt resale,"Changes that can narrow the pool of buyers, and how to avoid them.",home-value,Home value,"resale,home value,tub,remove,buyers",published,/library/home-value/resale-risks
39,appraisals,Documenting upgrades for an appraiser,Keeping records so an appraiser can see the value in the work.,home-value,Home value,"appraisal,appraiser,home value,records,documents",published,/library/home-value/appraisals
